cohort,cohort_q,base_period,base_period_q,time,time_q,att,std_error,ci_low,ci_high,signif
5,2011Q1,1,2010Q1,2,2010Q2,-0.0006586394888676978,0.001516792728490161,-0.003631498608720654,0.002314219630985259,
5,2011Q1,2,2010Q2,3,2010Q3,0.0009237846264547647,0.0017961349291038663,-0.0025965751459632166,0.004444144398872746,
5,2011Q1,3,2010Q3,4,2010Q4,-3.3639781453041526e-05,0.0020758799427429025,-0.0041022897054582,0.004035010142552117,
5,2011Q1,4,2010Q4,5,2011Q1,0.001342194561418464,0.0019580765550140586,-0.0024955649653813526,0.00517995408821828,
5,2011Q1,4,2010Q4,6,2011Q2,-0.0021165659328712173,0.0028992797833466344,-0.007799049889335712,0.0035659180235932766,
5,2011Q1,4,2010Q4,7,2011Q3,-0.0023492823028994367,0.0030376388958340064,-0.008302945136772107,0.0036043805309732323,
5,2011Q1,4,2010Q4,8,2011Q4,-0.0028679984808068193,0.004819454170316673,-0.012313955079768867,0.006577958118155227,
5,2011Q1,4,2010Q4,9,2012Q1,-0.006479145828620988,0.004767526409801303,-0.01582332588717509,0.002865034229933113,
5,2011Q1,4,2010Q4,10,2012Q2,-0.008959714451834853,0.006467994926852938,-0.021636751560654394,0.0037173226569846857,
5,2011Q1,4,2010Q4,11,2012Q3,-0.0027731980944997623,0.004680353210881043,-0.011946521822753006,0.006400125633753482,
5,2011Q1,4,2010Q4,12,2012Q4,-0.002639780595674376,0.005956020420073263,-0.014313366110203094,0.009033804918854343,
5,2011Q1,4,2010Q4,13,2013Q1,-0.0016709690165189746,0.006938240676055033,-0.015269670857657677,0.011927732824619727,
5,2011Q1,4,2010Q4,14,2013Q2,0.0010391763810906117,0.006830697106599371,-0.01234874393714611,0.014427096699327333,
5,2011Q1,4,2010Q4,15,2013Q3,0.00010480672864440654,0.008174212600694914,-0.015916355570691113,0.016125969027979928,
5,2011Q1,4,2010Q4,16,2013Q4,0.0015198304962722366,0.007396803448104803,-0.012977637862734863,0.016017298855279336,
5,2011Q1,4,2010Q4,17,2014Q1,0.005463330292226456,0.008279419610205832,-0.010764033956671627,0.02169069454112454,
5,2011Q1,4,2010Q4,18,2014Q2,0.0012885304409156423,0.009851467034602782,-0.018019990141789413,0.0205970510236207,
5,2011Q1,4,2010Q4,19,2014Q3,0.0028822812088112955,0.010549210564181089,-0.017793791562313102,0.023558353979935692,
5,2011Q1,4,2010Q4,20,2014Q4,0.0021485990048804725,0.011596516278910732,-0.02058015524791701,0.024877353257677953,
5,2011Q1,4,2010Q4,21,2015Q1,0.009294627383140863,0.011083527395903401,-0.012428687134492817,0.031017941900774542,
5,2011Q1,4,2010Q4,22,2015Q2,0.010354664901492708,0.011834015618622743,-0.012839579503492357,0.033548909306477775,
5,2011Q1,4,2010Q4,23,2015Q3,0.010955806562277985,0.013377949569100288,-0.015264492780151713,0.037176105904707685,
5,2011Q1,4,2010Q4,24,2015Q4,0.011806601571745857,0.013898025663713185,-0.015433028185345367,0.03904623132883708,
5,2011Q1,4,2010Q4,25,2016Q1,0.01185224633180582,0.01623177827062393,-0.01996145448365692,0.043665947147268555,
5,2011Q1,4,2010Q4,26,2016Q2,0.011842291403024875,0.01767227048593835,-0.022794722274464448,0.0464793050805142,
5,2011Q1,4,2010Q4,27,2016Q3,0.01839714573558087,0.016493326097499313,-0.013929179400792344,0.050723470871954085,
5,2011Q1,4,2010Q4,28,2016Q4,0.019215225313096468,0.01752695596814422,-0.01513697714308556,0.053567427769278496,
5,2011Q1,4,2010Q4,29,2017Q1,0.018942915966492006,0.01805733001035353,-0.016448800510755198,0.054334632443739206,
5,2011Q1,4,2010Q4,30,2017Q2,0.023271513987391048,0.01873562429133534,-0.013449634851499994,0.05999266282628209,
5,2011Q1,4,2010Q4,31,2017Q3,0.022388430495075363,0.01986973183865618,-0.016555528291159582,0.06133238928131031,
5,2011Q1,4,2010Q4,32,2017Q4,0.02316160552539194,0.020224298794113214,-0.016477291723646807,0.0628005027744307,
5,2011Q1,4,2010Q4,33,2018Q1,0.024104741195395032,0.021579851545968073,-0.018190990626423396,0.06640047301721347,
5,2011Q1,4,2010Q4,34,2018Q2,0.020492947641929424,0.024118754330115438,-0.026778942197066315,0.06776483748092516,
5,2011Q1,4,2010Q4,35,2018Q3,0.01972729939207663,0.02367700641952372,-0.026678780451913516,0.06613337923606677,
5,2011Q1,4,2010Q4,36,2018Q4,0.021559685729980578,0.02449159705339215,-0.026442962418535346,0.0695623338784965,
5,2011Q1,4,2010Q4,37,2019Q1,0.01793393286208407,0.024439855580700342,-0.029967303863448848,0.06583516958761698,
5,2011Q1,4,2010Q4,38,2019Q2,0.017995906623323593,0.024790129716923105,-0.03059185479392182,0.066583668040569,
5,2011Q1,4,2010Q4,39,2019Q3,0.014579442934882853,0.027586488844092892,-0.03948908165945521,0.06864796752922091,
5,2011Q1,4,2010Q4,40,2019Q4,0.01454760579792282,0.02777364876235669,-0.03988774549556173,0.06898295709140738,
5,2011Q1,4,2010Q4,41,2020Q1,0.016705329073633455,0.027874135574288413,-0.03792697275215853,0.07133763089942544,
5,2011Q1,4,2010Q4,42,2020Q2,-0.08129474788329837,0.0689081120863314,-0.2163521658151571,0.053762670048560376,
5,2011Q1,4,2010Q4,43,2020Q3,-0.0657439711662573,0.04937786024074864,-0.1625227988717769,0.031034856539262315,
5,2011Q1,4,2010Q4,44,2020Q4,-0.0692724887029526,0.046537443505095505,-0.16048420190550725,0.021939224499602034,
5,2011Q1,4,2010Q4,45,2021Q1,-0.08095069257499064,0.0507605666269048,-0.18043957499856986,0.01853818984858857,
5,2011Q1,4,2010Q4,46,2021Q2,-0.0303635467239153,0.04046972336610292,-0.1096827469857761,0.0489556535379455,
5,2011Q1,4,2010Q4,47,2021Q3,-0.008559612795517962,0.038124614368067376,-0.0832824838814083,0.06616325829037237,
5,2011Q1,4,2010Q4,48,2021Q4,-0.003356046414918133,0.040599224865281454,-0.08292906495111281,0.07621697212127655,
5,2011Q1,4,2010Q4,49,2022Q1,-0.00041806179393088984,0.03986767913423954,-0.07855727704423938,0.0777211534563776,
5,2011Q1,4,2010Q4,50,2022Q2,0.005844940300040371,0.03810591388316202,-0.06884127850894202,0.08053115910902277,
5,2011Q1,4,2010Q4,51,2022Q3,0.003918309901631629,0.03910396278253782,-0.07272404880493717,0.08056066860820042,
5,2011Q1,4,2010Q4,52,2022Q4,0.005417628503694087,0.0405948277400096,-0.07414677182533225,0.08498202883272044,
5,2011Q1,4,2010Q4,53,2023Q1,0.004479332229785454,0.03994636385781909,-0.07381410224487246,0.08277276670444338,
5,2011Q1,4,2010Q4,54,2023Q2,0.007792735358113103,0.03967486367856988,-0.06996856854342018,0.08555403925964639,
5,2011Q1,4,2010Q4,55,2023Q3,0.004690982864513259,0.040789996530556594,-0.07525594126489142,0.08463790699391795,
5,2011Q1,4,2010Q4,56,2023Q4,0.0023409502138881065,0.04084560704375148,-0.07771496851854034,0.08239686894631656,
5,2011Q1,4,2010Q4,57,2024Q1,0.0015318230248367215,0.04126550775736168,-0.07934708598335038,0.08241073203302382,
5,2011Q1,4,2010Q4,58,2024Q2,0.0008416783504405144,0.040428903578139525,-0.07839751659715548,0.0800808732980365,
5,2011Q1,4,2010Q4,59,2024Q3,0.0019748804929626087,0.04074908909341781,-0.07789186653295022,0.08184162751887544,
5,2011Q1,4,2010Q4,60,2024Q4,-0.001589202946809027,0.04076716299934834,-0.08149137417740566,0.0783129682837876,
5,2011Q1,4,2010Q4,61,2025Q1,-0.00025843430605297743,0.041689198160605276,-0.08196776124519278,0.08145089263308683,
5,2011Q1,4,2010Q4,62,2025Q2,-0.005666494198313593,0.041707305851855475,-0.08741131156014696,0.07607832316351977,
5,2011Q1,4,2010Q4,63,2025Q3,-0.0016562137654162511,0.04164713802034175,-0.08328310434445484,0.07997067681362234,
5,2011Q1,4,2010Q4,64,2025Q4,0.0028913281441043793,0.04065395157089903,-0.07678895276409327,0.08257160905230203,
9,2012Q1,1,2010Q1,2,2010Q2,0.0053965328744720155,0.001021570161658032,0.0033942921499415116,0.0073987735990025194,*
9,2012Q1,2,2010Q2,3,2010Q3,0.00192509545034707,0.0009407980336688207,8.11651876300801e-05,0.0037690257130640597,*
9,2012Q1,3,2010Q3,4,2010Q4,0.002814592078197986,0.0009621140137414958,0.0009288832622433797,0.004700300894152592,*
9,2012Q1,4,2010Q4,5,2011Q1,-0.0011735042862020208,0.0009404558078780193,-0.003016763798694459,0.0006697552262904176,
9,2012Q1,5,2011Q1,6,2011Q2,0.003331709976074837,0.0009247074505041385,0.0015193166768508706,0.005144103275298803,*
9,2012Q1,6,2011Q2,7,2011Q3,0.0028974391314888553,0.0009593622771394641,0.0010171236201691716,0.004777754642808539,*
9,2012Q1,7,2011Q3,8,2011Q4,0.0035270980005762454,0.0010638293992182941,0.0014420306924135058,0.005612165308738985,*
9,2012Q1,8,2011Q4,9,2012Q1,0.0007636841989667297,0.0014420839000236767,-0.002062748307764737,0.003590116705698196,
9,2012Q1,8,2011Q4,10,2012Q2,0.005344881922702904,0.0019704753112184123,0.0014828212802894614,0.009206942565116345,*
9,2012Q1,8,2011Q4,11,2012Q3,0.00714787981548779,0.002224305707804833,0.0027883207375834444,0.011507438893392136,*
9,2012Q1,8,2011Q4,12,2012Q4,0.009656301380277931,0.0026425653852940184,0.004476968398309444,0.014835634362246419,*
9,2012Q1,8,2011Q4,13,2013Q1,0.010074885256248025,0.0031306016917511184,0.003939018690475669,0.01621075182202038,*
9,2012Q1,8,2011Q4,14,2013Q2,0.01579311613528922,0.003373253129090942,0.009181661491533932,0.022404570779044508,*
9,2012Q1,8,2011Q4,15,2013Q3,0.021298393862092514,0.003566838920652003,0.014307518038958869,0.02828926968522616,*
9,2012Q1,8,2011Q4,16,2013Q4,0.022677983860886087,0.004126707414365412,0.01458978595399547,0.030766181767776703,*
9,2012Q1,8,2011Q4,17,2014Q1,0.02975317351904059,0.004868090402147387,0.020211891657346603,0.039294455380734575,*
9,2012Q1,8,2011Q4,18,2014Q2,0.0360771753823784,0.0055846111799224135,0.025131538602070735,0.04702281216268607,*
9,2012Q1,8,2011Q4,19,2014Q3,0.04055271670459731,0.006026797236470316,0.028740411178989962,0.05236502223020465,*
9,2012Q1,8,2011Q4,20,2014Q4,0.04265958157971288,0.006333178685574684,0.030246779448329777,0.055072383711095976,*
9,2012Q1,8,2011Q4,21,2015Q1,0.046287281154291836,0.00657989872910854,0.03339091662331822,0.05918364568526545,*
9,2012Q1,8,2011Q4,22,2015Q2,0.04789474964561365,0.006839129411926081,0.034490302312629936,0.06129919697859737,*
9,2012Q1,8,2011Q4,23,2015Q3,0.05246279273106178,0.007468917690385844,0.037823983054411446,0.06710160240771212,*
9,2012Q1,8,2011Q4,24,2015Q4,0.06002299631805504,0.008023810839554854,0.044296616053765434,0.07574937658234465,*
9,2012Q1,8,2011Q4,25,2016Q1,0.0609793893106473,0.008890762962563886,0.04355381410893945,0.07840496451235515,*
9,2012Q1,8,2011Q4,26,2016Q2,0.05960982264447932,0.009497348974169012,0.040995360706499624,0.078224284582459,*
9,2012Q1,8,2011Q4,27,2016Q3,0.06247934323136193,0.009898120342622083,0.043079383845179384,0.08187930261754447,*
9,2012Q1,8,2011Q4,28,2016Q4,0.06552697589854092,0.010512641578254257,0.044922577022784266,0.08613137477429758,*
9,2012Q1,8,2011Q4,29,2017Q1,0.06704556603858111,0.010802686577296513,0.045872689410805675,0.08821844266635655,*
9,2012Q1,8,2011Q4,30,2017Q2,0.06995515071927924,0.01155694789646311,0.04730394907100561,0.09260635236755288,*
9,2012Q1,8,2011Q4,31,2017Q3,0.058873789628215975,0.011800518820509202,0.03574519774113086,0.08200238151530109,*
9,2012Q1,8,2011Q4,32,2017Q4,0.06669446461824005,0.012259013390649524,0.04266723988657273,0.09072168934990738,*
9,2012Q1,8,2011Q4,33,2018Q1,0.06802961934736489,0.013155338558291107,0.04224562956868324,0.09381360912604653,*
9,2012Q1,8,2011Q4,34,2018Q2,0.06941987050233564,0.013945635521457224,0.04208692713875702,0.09675281386591425,*
9,2012Q1,8,2011Q4,35,2018Q3,0.0757991831732148,0.014545500944812637,0.047290525184288695,0.1043078411621409,*
9,2012Q1,8,2011Q4,36,2018Q4,0.07533832785495326,0.01498407896080861,0.04597007275026402,0.1047065829596425,*
9,2012Q1,8,2011Q4,37,2019Q1,0.07990947203951679,0.015605363201819154,0.049323522198284585,0.11049542188074898,*
9,2012Q1,8,2011Q4,38,2019Q2,0.07682619778514907,0.016092210191215196,0.04528604537871887,0.10836635019157927,*
9,2012Q1,8,2011Q4,39,2019Q3,0.07463185243433745,0.016600290279695406,0.04209588135322412,0.10716782351545079,*
9,2012Q1,8,2011Q4,40,2019Q4,0.08195403843196555,0.016909498390521714,0.048812030589904985,0.11509604627402611,*
9,2012Q1,8,2011Q4,41,2020Q1,0.0866583187915481,0.017115144341006482,0.05311325229297088,0.12020338529012532,*
9,2012Q1,8,2011Q4,42,2020Q2,0.035614319268865026,0.033645423197498206,-0.03032949844283992,0.10155813698056998,
9,2012Q1,8,2011Q4,43,2020Q3,-0.004543347990337845,0.023756792316534762,-0.051105805318943855,0.04201910933826817,
9,2012Q1,8,2011Q4,44,2020Q4,0.028977598221569534,0.02335031031259709,-0.016788169018954975,0.07474336546209404,
9,2012Q1,8,2011Q4,45,2021Q1,0.03240083020504081,0.023467822442580492,-0.013595256577997754,0.07839691698807938,
9,2012Q1,8,2011Q4,46,2021Q2,0.04703365754498655,0.02290130275633666,0.002147928943518826,0.09191938614645427,*
9,2012Q1,8,2011Q4,47,2021Q3,0.06922528521769704,0.022603352654768306,0.024923528084493343,0.11352704235090073,*
9,2012Q1,8,2011Q4,48,2021Q4,0.08231251635196131,0.022158176187412865,0.038883289061539046,0.12574174364238358,*
9,2012Q1,8,2011Q4,49,2022Q1,0.07891536472620965,0.022334729398977574,0.035140099499765674,0.12269062995265362,*
9,2012Q1,8,2011Q4,50,2022Q2,0.08848191369429342,0.022597507441921665,0.044191612967751114,0.13277221442083573,*
9,2012Q1,8,2011Q4,51,2022Q3,0.09423387376388144,0.022838651182612232,0.04947093999048835,0.13899680753727453,*
9,2012Q1,8,2011Q4,52,2022Q4,0.09004156046405716,0.023511382727762,0.04396009709090654,0.13612302383720778,*
9,2012Q1,8,2011Q4,53,2023Q1,0.09038188701768632,0.023834086083958976,0.04366793668869943,0.13709583734667322,*
9,2012Q1,8,2011Q4,54,2023Q2,0.09197622723394701,0.024363591790464306,0.044224464790601235,0.13972798967729277,*
9,2012Q1,8,2011Q4,55,2023Q3,0.09303314883644269,0.024570565797396207,0.04487572479377445,0.14119057287911094,*
9,2012Q1,8,2011Q4,56,2023Q4,0.09698139779354085,0.024892098734812185,0.04819378077369393,0.14576901481338778,*
9,2012Q1,8,2011Q4,57,2024Q1,0.10244317835017376,0.024674957122619173,0.0540811510697701,0.15080520563057742,*
9,2012Q1,8,2011Q4,58,2024Q2,0.09551692520821028,0.024369287240133312,0.0477539998886375,0.14327985052778308,*
9,2012Q1,8,2011Q4,59,2024Q3,0.09484970136987837,0.024656736768936954,0.04652338532647744,0.1431760174132793,*
9,2012Q1,8,2011Q4,60,2024Q4,0.08742818636639574,0.02460219596916575,0.03920876832623438,0.1356476044065571,*
9,2012Q1,8,2011Q4,61,2025Q1,0.1018194827966334,0.024933339130721634,0.05295103608609578,0.15068792950717103,*
9,2012Q1,8,2011Q4,62,2025Q2,0.09829998491398584,0.024874705796614716,0.04954645742659128,0.1470535124013804,*
9,2012Q1,8,2011Q4,63,2025Q3,0.09834905328640511,0.025174033086351216,0.04900885509153703,0.1476892514812732,*
9,2012Q1,8,2011Q4,64,2025Q4,0.09849426285820505,0.02544223951183273,0.04862838972897097,0.14836013598743913,*
13,2013Q1,1,2010Q1,2,2010Q2,0.00011904373884603632,0.0027006277816785506,-0.005174089448892223,0.005412176926584296,
13,2013Q1,2,2010Q2,3,2010Q3,0.0020468927514244893,0.000963357225531453,0.00015874728513641133,0.003935038217712567,*
13,2013Q1,3,2010Q3,4,2010Q4,-0.010865337259789687,0.0011453894053488644,-0.01311025924254721,-0.008620415277032164,*
13,2013Q1,4,2010Q4,5,2011Q1,-0.004330570185185479,0.0037273725118536116,-0.011636086065383154,0.002974945695012196,
13,2013Q1,5,2011Q1,6,2011Q2,-0.004809414661217382,0.0028355394068538373,-0.01036696977539497,0.0007481404529602062,
13,2013Q1,6,2011Q2,7,2011Q3,0.001749813191878702,0.0011113288387868086,-0.0004283513071241629,0.003927977690881566,
13,2013Q1,7,2011Q3,8,2011Q4,-0.0037906140199076782,0.0015480929931295966,-0.0068248205311605015,-0.0007564075086548554,*
13,2013Q1,8,2011Q4,9,2012Q1,-0.0032265014286760206,0.004020440875010407,-0.011106420745669119,0.004653417888317079,
13,2013Q1,9,2012Q1,10,2012Q2,0.00015388636758224562,0.0014871153697454645,-0.0027608061979748307,0.003068578933139322,
13,2013Q1,10,2012Q2,11,2012Q3,-0.0014540399615170952,0.002793076896783146,-0.006928370085262959,0.004020290162228769,
13,2013Q1,11,2012Q3,12,2012Q4,-0.0013191424144731734,0.003135828747183039,-0.007465253820637289,0.004826968991690942,
13,2013Q1,12,2012Q4,13,2013Q1,0.0007175560387289614,0.0009596036431409508,-0.0011632325412607287,0.0025983446187186517,
13,2013Q1,12,2012Q4,14,2013Q2,0.0020019744648790637,0.0033450618749447506,-0.0045542263360706745,0.008558175265828801,
13,2013Q1,12,2012Q4,15,2013Q3,0.0019871476496866607,0.005040007154972603,-0.007891084855883825,0.011865380155257146,
13,2013Q1,12,2012Q4,16,2013Q4,0.004359407107503666,0.007723907428952455,-0.010779173273164511,0.019497987488171845,
13,2013Q1,12,2012Q4,17,2014Q1,0.005986988131968962,0.0072730117657999185,-0.008267852988134941,0.020241829252072865,
13,2013Q1,12,2012Q4,18,2014Q2,0.004323233974744656,0.00778530286023788,-0.01093567924005826,0.019582147189547573,
13,2013Q1,12,2012Q4,19,2014Q3,-0.0006700756819655763,0.007554570138822035,-0.01547676107273852,0.014136609708807367,
13,2013Q1,12,2012Q4,20,2014Q4,0.0010037040996753851,0.009187531325953544,-0.017003526406027092,0.01901093460537786,
13,2013Q1,12,2012Q4,21,2015Q1,-0.006898997848118826,0.007898926605855252,-0.022380609512120328,0.008582613815882678,
13,2013Q1,12,2012Q4,22,2015Q2,-0.005617444955851945,0.009996620280449158,-0.02521046067265499,0.0139755707609511,
13,2013Q1,12,2012Q4,23,2015Q3,-0.007268169991169081,0.009209746982261303,-0.025318942383127683,0.010782602400789518,
13,2013Q1,12,2012Q4,24,2015Q4,-0.0071483766881109915,0.00939228886542547,-0.025556924596741477,0.011260171220519496,
13,2013Q1,12,2012Q4,25,2016Q1,-0.007760287134494235,0.01068523027856531,-0.02870295364699913,0.013182379378010664,
13,2013Q1,12,2012Q4,26,2016Q2,-0.005201251555927101,0.010931580681939381,-0.02662675598662209,0.01622425287476789,
13,2013Q1,12,2012Q4,27,2016Q3,-0.010634953935438007,0.012208171505720568,-0.03456253040373844,0.013292622532862428,
13,2013Q1,12,2012Q4,28,2016Q4,-0.013269787371404605,0.012733132246254473,-0.03822626798444897,0.01168669324163976,
13,2013Q1,12,2012Q4,29,2017Q1,-0.011743986358118352,0.010815752208286799,-0.03294247115207004,0.00945449843583333,
13,2013Q1,12,2012Q4,30,2017Q2,-0.014990253959578979,0.01287129062801783,-0.04021752002504186,0.0102370121058839,
13,2013Q1,12,2012Q4,31,2017Q3,-0.014974917841485412,0.01282559967045264,-0.040112631275701374,0.01016279559273055,
13,2013Q1,12,2012Q4,32,2017Q4,-0.01656264154224758,0.012937291054346794,-0.04191926606627952,0.008793982981784361,
13,2013Q1,12,2012Q4,33,2018Q1,-0.0196895749643337,0.014165126128201056,-0.04745271201207507,0.008073562083407669,
13,2013Q1,12,2012Q4,34,2018Q2,-0.021171979901964955,0.0163500547010652,-0.05321749826131255,0.01087353845738264,
13,2013Q1,12,2012Q4,35,2018Q3,-0.018014500479809525,0.017274417167976074,-0.05187173598296303,0.01584273502334398,
13,2013Q1,12,2012Q4,36,2018Q4,-0.025369717219801344,0.016809706847866125,-0.05831613723229526,0.007576702792692576,
13,2013Q1,12,2012Q4,37,2019Q1,-0.025939782189365213,0.017794461465487067,-0.060816285786005696,0.00893672140727527,
13,2013Q1,12,2012Q4,38,2019Q2,-0.025475464068937304,0.01913269591646514,-0.06297485899236555,0.012023930854490938,
13,2013Q1,12,2012Q4,39,2019Q3,-0.02679233322698635,0.020239472702233665,-0.0664609707894459,0.0128763043354732,
13,2013Q1,12,2012Q4,40,2019Q4,-0.0227516603562915,0.01854224897405086,-0.059093800537805954,0.013590479825222958,
13,2013Q1,12,2012Q4,41,2020Q1,-0.026336723786379922,0.018457687095658405,-0.06251312573178011,0.009839678159020263,
13,2013Q1,12,2012Q4,42,2020Q2,-0.20266232500084047,0.09189187665870743,-0.3827670937237039,-0.022557556277977064,*
13,2013Q1,12,2012Q4,43,2020Q3,-0.09136220547327586,0.03412072475133339,-0.15823759711229368,-0.024486813834258034,*
13,2013Q1,12,2012Q4,44,2020Q4,-0.09608764603820084,0.029194110504603472,-0.1533070511879061,-0.038868240888495574,*
13,2013Q1,12,2012Q4,45,2021Q1,-0.09043117128798957,0.02804371429723443,-0.14539584130330005,-0.03546650127267909,*
13,2013Q1,12,2012Q4,46,2021Q2,-0.0732072169959066,0.021765015608598004,-0.11586586371171081,-0.030548570280102383,*
13,2013Q1,12,2012Q4,47,2021Q3,-0.06367962162365821,0.021416328262131083,-0.10565485369852243,-0.021704389548794008,*
13,2013Q1,12,2012Q4,48,2021Q4,-0.042893976721367875,0.022753464077721417,-0.08748994683722773,0.0017019933944919796,
13,2013Q1,12,2012Q4,49,2022Q1,-0.04436354551692185,0.02197382667737234,-0.08743145440709707,-0.0012956366267466227,*
13,2013Q1,12,2012Q4,50,2022Q2,-0.03864058532425123,0.023843706187469862,-0.085373390709647,0.008092220061144545,
13,2013Q1,12,2012Q4,51,2022Q3,-0.042922632881761374,0.02292488988403493,-0.08785459140401644,0.002009325640493699,
13,2013Q1,12,2012Q4,52,2022Q4,-0.04626137873974436,0.023002863259763712,-0.09134616227018086,-0.0011765952093078583,*
13,2013Q1,12,2012Q4,53,2023Q1,-0.05029237218252804,0.02265821130534857,-0.09470165029510952,-0.005883094069946561,*
13,2013Q1,12,2012Q4,54,2023Q2,-0.05060978498110604,0.023832645471375778,-0.09732091176131419,-0.003898658200897895,*
13,2013Q1,12,2012Q4,55,2023Q3,-0.04836022823261491,0.025006119237804037,-0.09737132133182501,0.0006508648665951855,
13,2013Q1,12,2012Q4,56,2023Q4,-0.050283374141052994,0.025339130924956266,-0.09994715815351238,-0.0006195901285936042,*
13,2013Q1,12,2012Q4,57,2024Q1,-0.0470357825101613,0.025174663459592957,-0.09637721621388001,0.002305651193557412,
13,2013Q1,12,2012Q4,58,2024Q2,-0.04869417376836007,0.025225296267815965,-0.098134845952632,0.0007464984159118657,
13,2013Q1,12,2012Q4,59,2024Q3,-0.05323013606329072,0.026021520436954333,-0.10423137894269419,-0.0022288931838872553,*
13,2013Q1,12,2012Q4,60,2024Q4,-0.04987288789846596,0.02741636150244532,-0.10360796903038924,0.003862193233457316,
13,2013Q1,12,2012Q4,61,2025Q1,-0.05295925132073112,0.029802576639915035,-0.11137122818145934,0.005452725539997087,
13,2013Q1,12,2012Q4,62,2025Q2,-0.050765511875249886,0.02959874967844133,-0.1087779952324114,0.0072469714819116265,
13,2013Q1,12,2012Q4,63,2025Q3,-0.04855798246061011,0.030957962155669077,-0.10923447332047548,0.012118508399255254,
13,2013Q1,12,2012Q4,64,2025Q4,-0.042280623586700816,0.03327467820617447,-0.10749779446796262,0.02293654729456099,
17,2014Q1,1,2010Q1,2,2010Q2,0.006832654457068739,0.004513940347957098,-0.002014506053289372,0.01567981496742685,
17,2014Q1,2,2010Q2,3,2010Q3,0.003936479992149899,0.004926765091621131,-0.005719802147716697,0.013592762132016496,
17,2014Q1,3,2010Q3,4,2010Q4,-0.0006857470048433474,0.001655292705134608,-0.003930061090779058,0.0025585670810923636,
17,2014Q1,4,2010Q4,5,2011Q1,0.0014593723439966743,0.00283012665161139,-0.004087573964848587,0.007006318652841936,
17,2014Q1,5,2011Q1,6,2011Q2,-0.004068643221590055,0.0034341987786573385,-0.01079954914350988,0.0026622627003297693,
17,2014Q1,6,2011Q2,7,2011Q3,-0.000867349812813504,0.0015231275604460591,-0.003852624975148134,0.002117925349521126,
17,2014Q1,7,2011Q3,8,2011Q4,-0.0011807775762961098,0.0025381684221972983,-0.0061554962704996686,0.003793941117907449,
17,2014Q1,8,2011Q4,9,2012Q1,0.0012508016012193683,0.00206462944099954,-0.0027957977445607946,0.005297400946999532,
17,2014Q1,9,2012Q1,10,2012Q2,-0.0017671980227888036,0.001993096148722831,-0.005673594692011039,0.0021391986464334325,
17,2014Q1,10,2012Q2,11,2012Q3,0.0011781519534658153,0.002330676778555769,-0.003389890592107327,0.005746194499038958,
17,2014Q1,11,2012Q3,12,2012Q4,-0.00412355395257169,0.0027576750479408585,-0.00952849772760054,0.0012813898224571596,
17,2014Q1,12,2012Q4,13,2013Q1,0.004307919280157657,0.001252226869598884,0.0018535997152705095,0.006762238845044804,*
17,2014Q1,13,2013Q1,14,2013Q2,0.0014534414519642583,0.0031431383352987755,-0.004706996483648522,0.007613879387577039,
17,2014Q1,14,2013Q2,15,2013Q3,-0.002787023815787718,0.0018128580108480602,-0.006340160226134839,0.0007661125945594024,
17,2014Q1,15,2013Q3,16,2013Q4,0.0024706681099404843,0.001994596975709275,-0.0014386701261222077,0.006380006346003176,
17,2014Q1,16,2013Q4,17,2014Q1,0.0008362358345083956,0.002193473333921022,-0.0034628929010258064,0.005135364570042598,
17,2014Q1,16,2013Q4,18,2014Q2,0.0027345674137527454,0.0029560790540555776,-0.0030592410676494185,0.00852837589515491,
17,2014Q1,16,2013Q4,19,2014Q3,-0.0010636578906661287,0.004510406105290621,-0.00990389141268532,0.007776575631353063,
17,2014Q1,16,2013Q4,20,2014Q4,-0.003976010470457258,0.006185210085702924,-0.01609879947524889,0.008146778534334376,
17,2014Q1,16,2013Q4,21,2015Q1,-0.005981944543908569,0.0075063045293033825,-0.02069403107833308,0.008730141990515944,
17,2014Q1,16,2013Q4,22,2015Q2,-0.004827907054195795,0.00838851438890184,-0.02126909314023942,0.011613279031847832,
17,2014Q1,16,2013Q4,23,2015Q3,-0.0032649500547004655,0.009014141050470171,-0.02093234186518605,0.01440244175578512,
17,2014Q1,16,2013Q4,24,2015Q4,-0.004696413365191976,0.00896507287895532,-0.022267633326721215,0.012874806596337265,
17,2014Q1,16,2013Q4,25,2016Q1,-0.005353902399406348,0.009998179342287389,-0.024949973821261996,0.014242169022449298,
17,2014Q1,16,2013Q4,26,2016Q2,-0.0042078681939265936,0.010635328140969142,-0.02505272831399144,0.016636991926138253,
17,2014Q1,16,2013Q4,27,2016Q3,-0.0030741152508361844,0.01140154362917263,-0.02542073013217664,0.019272499630504272,
17,2014Q1,16,2013Q4,28,2016Q4,-0.002476224676800784,0.012437764383328281,-0.02685379491631925,0.02190134556271768,
17,2014Q1,16,2013Q4,29,2017Q1,-0.00013271478697691788,0.012539633381336375,-0.02470994459373243,0.024444515019778595,
17,2014Q1,16,2013Q4,30,2017Q2,-0.001597699131675025,0.013578491464260451,-0.028211053366010052,0.02501565510266,
17,2014Q1,16,2013Q4,31,2017Q3,0.0009136087551015351,0.013934102336812233,-0.026396729981945845,0.028223947492148918,
17,2014Q1,16,2013Q4,32,2017Q4,-0.0004700251757753836,0.014310119630238005,-0.02851734426550151,0.027577293913950744,
17,2014Q1,16,2013Q4,33,2018Q1,-0.0008748302033809342,0.014830976655277267,-0.02994301030327869,0.028193349896516822,
17,2014Q1,16,2013Q4,34,2018Q2,-0.0018031905234813905,0.015824316305279796,-0.03281828056179973,0.029211899514836947,
17,2014Q1,16,2013Q4,35,2018Q3,-7.672480574344906e-05,0.01596899119160199,-0.03137537241072071,0.031221922799233814,
17,2014Q1,16,2013Q4,36,2018Q4,-0.0010742102769736312,0.016610013584812917,-0.03362923868592798,0.03148081813198072,
17,2014Q1,16,2013Q4,37,2019Q1,-0.003304191475813132,0.01743064147764201,-0.0374676209994215,0.030859238047795234,
17,2014Q1,16,2013Q4,38,2019Q2,-0.0017694182252277605,0.018512756192956985,-0.0380537536179943,0.034514917167538774,
17,2014Q1,16,2013Q4,39,2019Q3,-0.007017946505766341,0.019341015789361614,-0.04492564087733563,0.030889747865802945,
17,2014Q1,16,2013Q4,40,2019Q4,-0.008157145872647105,0.01968659124724822,-0.04674215569561508,0.03042786395032087,
17,2014Q1,16,2013Q4,41,2020Q1,-0.013353553941837848,0.019858926705140077,-0.05227633505553308,0.025569227171857382,
17,2014Q1,16,2013Q4,42,2020Q2,-0.27015202836486013,0.05765446939358816,-0.38315271192405975,-0.15715134480566048,*
17,2014Q1,16,2013Q4,43,2020Q3,-0.19233829475578343,0.04364811182060058,-0.27788702191733755,-0.10678956759422929,*
17,2014Q1,16,2013Q4,44,2020Q4,-0.17081151517297238,0.03609966258924427,-0.2415655537019391,-0.10005747664400566,*
17,2014Q1,16,2013Q4,45,2021Q1,-0.17904390676868412,0.036894724850975294,-0.2513562386961106,-0.10673157484125763,*
17,2014Q1,16,2013Q4,46,2021Q2,-0.1271006201378877,0.031036538545108856,-0.18793111789109024,-0.06627012238468517,*
17,2014Q1,16,2013Q4,47,2021Q3,-0.09110110269894442,0.027888540844120055,-0.145761638334794,-0.036440567063094835,*
17,2014Q1,16,2013Q4,48,2021Q4,-0.06208499606158204,0.02618821278815737,-0.11341294994584177,-0.010757042177322318,*
17,2014Q1,16,2013Q4,49,2022Q1,-0.05834371452928706,0.02690002705346865,-0.11106679873723872,-0.00562063032133539,*
17,2014Q1,16,2013Q4,50,2022Q2,-0.04985517351655988,0.026609299526364347,-0.10200844224207273,0.002298095208952959,
17,2014Q1,16,2013Q4,51,2022Q3,-0.046896739465076616,0.026789056707813542,-0.09940232579219231,0.00560884686203908,
17,2014Q1,16,2013Q4,52,2022Q4,-0.04493260540416068,0.027164342004828722,-0.09817373739735354,0.00830852658903218,
17,2014Q1,16,2013Q4,53,2023Q1,-0.04612041847235561,0.02719112098830175,-0.09941403630869819,0.007173199363986978,
17,2014Q1,16,2013Q4,54,2023Q2,-0.04285912911043245,0.027229350700642557,-0.09622767580610235,0.010509417585237449,
17,2014Q1,16,2013Q4,55,2023Q3,-0.03926273012392533,0.027595349503077387,-0.09334862129075229,0.014823161042901628,
17,2014Q1,16,2013Q4,56,2023Q4,-0.043349766396108644,0.02829672273581209,-0.09881032383881605,0.012110791046598762,
17,2014Q1,16,2013Q4,57,2024Q1,-0.04046242784784372,0.027955517346041913,-0.09525423501527062,0.014329379319583183,
17,2014Q1,16,2013Q4,58,2024Q2,-0.04144390770877043,0.026481123192196532,-0.09334595543564397,0.010458140018103114,
17,2014Q1,16,2013Q4,59,2024Q3,-0.04328101397448059,0.02658643417399895,-0.09538946743286343,0.008827439483902258,
17,2014Q1,16,2013Q4,60,2024Q4,-0.04081653273871287,0.026471717138699263,-0.09270014493949512,0.011067079462069376,
17,2014Q1,16,2013Q4,61,2025Q1,-0.04383938470772695,0.026548116332881646,-0.09587273657755455,0.008193967162100649,
17,2014Q1,16,2013Q4,62,2025Q2,-0.04527017587749724,0.02660474630914449,-0.09741452046124537,0.006874168706250891,
17,2014Q1,16,2013Q4,63,2025Q3,-0.04669254569290702,0.02649823808617109,-0.09862813799556994,0.005243046609755893,
17,2014Q1,16,2013Q4,64,2025Q4,-0.0473423765849642,0.0275341472557308,-0.10130831355121894,0.006623560381290534,
21,2015Q1,1,2010Q1,2,2010Q2,0.0037406843572271417,0.0019184395941001812,-1.938815372485355e-05,0.007500756868179137,
21,2015Q1,2,2010Q2,3,2010Q3,0.001781065275728122,0.0013171474964888481,-0.0008004963797171177,0.004362626931173362,
21,2015Q1,3,2010Q3,4,2010Q4,-0.0011163673687749841,0.002485272396633892,-0.005987411757948957,0.003754677020398989,
21,2015Q1,4,2010Q4,5,2011Q1,-0.003582201339709282,0.0018688850110712904,-0.007245148652655751,8.074597323718714e-05,
21,2015Q1,5,2011Q1,6,2011Q2,-0.0004757950913293691,0.0021051950529819233,-0.00460190157560583,0.003650311392947092,
21,2015Q1,6,2011Q2,7,2011Q3,-4.6150214083057844e-05,0.002377694782415839,-0.004706346353846902,0.004614045925680786,
21,2015Q1,7,2011Q3,8,2011Q4,0.00021875573814284129,0.0016093648477467385,-0.0029355414014255537,0.0033730528777112362,
21,2015Q1,8,2011Q4,9,2012Q1,0.0003235097901498529,0.002204961032222998,-0.003998134420321485,0.004645154000621191,
21,2015Q1,9,2012Q1,10,2012Q2,0.0022539981634240895,0.0020405860101560857,-0.0017454769238381233,0.006253473250686302,
21,2015Q1,10,2012Q2,11,2012Q3,-0.0017358925211024446,0.0022084385533523952,-0.006064352547742877,0.0025925675055379887,
21,2015Q1,11,2012Q3,12,2012Q4,-0.004526794940685055,0.0017610090749240117,-0.007978309303984316,-0.0010752805773857942,*
21,2015Q1,12,2012Q4,13,2013Q1,2.3992566675794888e-05,0.001741160572468664,-0.003388619446663929,0.003436604580015519,
21,2015Q1,13,2013Q1,14,2013Q2,-0.0018543571570793687,0.0025642631445012437,-0.006880220567185235,0.0031715062530264975,
21,2015Q1,14,2013Q2,15,2013Q3,-0.002098688453040674,0.0023936662833950483,-0.006790188159502815,0.0025928112534214674,
21,2015Q1,15,2013Q3,16,2013Q4,0.0003792697846919095,0.0022191333741691413,-0.003970151705570455,0.004728691274954274,
21,2015Q1,16,2013Q4,17,2014Q1,-0.0007966749188924624,0.002029573002895117,-0.004774564908561698,0.003181215070776774,
21,2015Q1,17,2014Q1,18,2014Q2,-0.005745590310247098,0.0027652694477791322,-0.01116541883544316,-0.0003257617850510354,*
21,2015Q1,18,2014Q2,19,2014Q3,-0.001596625575959311,0.0014429980553429967,-0.00442484979419292,0.0012315986422742984,
21,2015Q1,19,2014Q3,20,2014Q4,-0.0016136507489232631,0.0011836490533831698,-0.003933560263889204,0.0007062587660426776,
21,2015Q1,20,2014Q4,21,2015Q1,-0.0058505627203212255,0.002067345182816729,-0.00990248482225439,-0.0017986406183880628,*
21,2015Q1,20,2014Q4,22,2015Q2,-0.007744922092052998,0.0027343512173573677,-0.013104151999156691,-0.002385692184949304,*
21,2015Q1,20,2014Q4,23,2015Q3,-0.007429006750288446,0.004293357676488119,-0.015843833168953728,0.0009858196683768371,
21,2015Q1,20,2014Q4,24,2015Q4,-0.008352337638353961,0.005651061102272903,-0.019428213873244067,0.002723538596536146,
21,2015Q1,20,2014Q4,25,2016Q1,-0.010079618227540197,0.006790149038788179,-0.023388065793224295,0.003228829338143901,
21,2015Q1,20,2014Q4,26,2016Q2,-0.01165294174175675,0.008657244554814007,-0.028620829274547697,0.005314945791034198,
21,2015Q1,20,2014Q4,27,2016Q3,-0.011501249976111514,0.009486553990532167,-0.03009455413494929,0.00709205418272626,
21,2015Q1,20,2014Q4,28,2016Q4,-0.010777074655961472,0.010214465084354852,-0.030797058342638864,0.009242909030715922,
21,2015Q1,20,2014Q4,29,2017Q1,-0.009993553008257808,0.011904383576214204,-0.03332571607578778,0.013338610059272163,
21,2015Q1,20,2014Q4,30,2017Q2,-0.011449619061249418,0.012207359926417447,-0.035375604863345136,0.012476366740846302,
21,2015Q1,20,2014Q4,31,2017Q3,-0.014490272045119231,0.012682405500244496,-0.03934733006293113,0.010366785972692668,
21,2015Q1,20,2014Q4,32,2017Q4,-0.014225535748755902,0.013439635809117759,-0.04056673789996154,0.012115666402449734,
21,2015Q1,20,2014Q4,33,2018Q1,-0.0171615287592209,0.014501158411538541,-0.045583276979946505,0.011260219461504701,
21,2015Q1,20,2014Q4,34,2018Q2,-0.0218201129683093,0.014912988490476072,-0.05104903331150275,0.007408807374884148,
21,2015Q1,20,2014Q4,35,2018Q3,-0.023129848322757607,0.01541145750356013,-0.05333574997900503,0.007076053333489818,
21,2015Q1,20,2014Q4,36,2018Q4,-0.02580775619169494,0.01540320130785068,-0.05599747600170253,0.004381963618312654,
21,2015Q1,20,2014Q4,37,2019Q1,-0.029196567510042966,0.01626877915903573,-0.06108278873418883,0.002689653714102895,
21,2015Q1,20,2014Q4,38,2019Q2,-0.030114029428991933,0.016738519795404718,-0.06292092538249594,0.002692866524512068,
21,2015Q1,20,2014Q4,39,2019Q3,-0.03274984247939434,0.01671518267722626,-0.0655109985217656,1.1313562976927871e-05,
21,2015Q1,20,2014Q4,40,2019Q4,-0.032507092102219325,0.01766984255436844,-0.0671393471212747,0.0021251629168360514,
21,2015Q1,20,2014Q4,41,2020Q1,-0.03458853180363393,0.018908951555199015,-0.07164939583723665,0.0024723322299687878,
21,2015Q1,20,2014Q4,42,2020Q2,-0.1660462023986557,0.07637468791616987,-0.3157378400448351,-0.016354564752476264,*
21,2015Q1,20,2014Q4,43,2020Q3,-0.1494618182231852,0.08470556204770993,-0.31548166912691955,0.016558032680549145,
21,2015Q1,20,2014Q4,44,2020Q4,-0.12671172048198065,0.06648820150241273,-0.25702620082355154,0.0036027598595902155,
21,2015Q1,20,2014Q4,45,2021Q1,-0.11753541236060272,0.05529361329433609,-0.2259089029925866,-0.00916192172861885,*
21,2015Q1,20,2014Q4,46,2021Q2,-0.0837193753706029,0.042392865644900135,-0.1668078652360525,-0.0006308855051532641,*
21,2015Q1,20,2014Q4,47,2021Q3,-0.06421629442908862,0.03371456198982693,-0.13029562168369246,0.0018630328255152262,
21,2015Q1,20,2014Q4,48,2021Q4,-0.061001702538254515,0.03196372653674595,-0.12364945536196377,0.0016460502854547393,
21,2015Q1,20,2014Q4,49,2022Q1,-0.06273229283261447,0.03187649347690534,-0.1252090720007749,-0.0002555136644540393,*
21,2015Q1,20,2014Q4,50,2022Q2,-0.06398610735361401,0.030670704241087747,-0.12409958304662588,-0.003872631660602137,*
21,2015Q1,20,2014Q4,51,2022Q3,-0.06403193163522053,0.030544763339369153,-0.12389856769668346,-0.004165295573757596,*
21,2015Q1,20,2014Q4,52,2022Q4,-0.06391522519586766,0.030665105682219727,-0.12401772791513288,-0.0038127224766024356,*
21,2015Q1,20,2014Q4,53,2023Q1,-0.06444500646449312,0.03088345245605782,-0.12497546099662152,-0.003914551932364722,*
21,2015Q1,20,2014Q4,54,2023Q2,-0.0636414439242426,0.031221479918225915,-0.12483442010800595,-0.002448467740479257,*
21,2015Q1,20,2014Q4,55,2023Q3,-0.06552011139986212,0.0320875382489877,-0.12841053072042943,-0.0026296920792948097,*
21,2015Q1,20,2014Q4,56,2023Q4,-0.06612310899590289,0.03256958705628243,-0.12995832661755835,-0.002287891374247411,*
21,2015Q1,20,2014Q4,57,2024Q1,-0.061420934413158525,0.03150951858543898,-0.1231784560108144,0.00033658718449734726,
21,2015Q1,20,2014Q4,58,2024Q2,-0.06413845834838731,0.032810356868174316,-0.12844557612991536,0.00016865943314074705,
21,2015Q1,20,2014Q4,59,2024Q3,-0.06383631157094434,0.03335061806161535,-0.12920232183386146,0.0015296986919727806,
21,2015Q1,20,2014Q4,60,2024Q4,-0.05976902545903502,0.033771319635279205,-0.1259595956545726,0.0064215447365025685,
21,2015Q1,20,2014Q4,61,2025Q1,-0.06023799517363557,0.033764560063484925,-0.12641531685190546,0.005939326504634329,
21,2015Q1,20,2014Q4,62,2025Q2,-0.06036193517134969,0.0349578515068348,-0.12887806510164518,0.008154194758945785,
21,2015Q1,20,2014Q4,63,2025Q3,-0.05817794994968959,0.035098184442131176,-0.12696912737901075,0.010613227479631566,
21,2015Q1,20,2014Q4,64,2025Q4,-0.04702772777801379,0.03771247920867045,-0.12094282879472346,0.02688737323869588,
41,2020Q1,1,2010Q1,2,2010Q2,0.0008438365117237724,0.001021570161658032,-0.0011584042128067315,0.0028460772362542764,
41,2020Q1,2,2010Q2,3,2010Q3,-0.006759969819758527,0.0009407980336688205,-0.008603900082475517,-0.0049160395570415375,*
41,2020Q1,3,2010Q3,4,2010Q4,-0.005856009396524887,0.0009621140137414956,-0.007741718212479493,-0.0039703005805702815,*
41,2020Q1,4,2010Q4,5,2011Q1,0.00775212327621564,0.0009404558078780192,0.005908863763723202,0.009595382788708078,*
41,2020Q1,5,2011Q1,6,2011Q2,-0.007163238249223891,0.0009247074505041384,-0.008975631548447858,-0.0053508449499999255,*
41,2020Q1,6,2011Q2,7,2011Q3,-0.005316502795597279,0.0009593622771394639,-0.007196818306916962,-0.0034361872842775957,*
41,2020Q1,7,2011Q3,8,2011Q4,-0.0011772521803855797,0.001063829399218294,-0.0032623194885483186,0.0009078151277771595,
41,2020Q1,8,2011Q4,9,2012Q1,-0.012326668056654434,0.0014420839000236765,-0.0151531005633859,-0.009500235549922968,*
41,2020Q1,9,2012Q1,10,2012Q2,0.003029836387678131,0.0010209483033755777,0.0010288144829847259,0.005030858292371536,*
41,2020Q1,10,2012Q2,11,2012Q3,0.0006209731448771461,0.0009474465648915345,-0.0012359879995864527,0.002477934289340745,
41,2020Q1,11,2012Q3,12,2012Q4,0.011028337016915524,0.0011637652843968524,0.00874739897303968,0.013309275060791367,*
41,2020Q1,12,2012Q4,13,2013Q1,-0.010225459130583881,0.0007331185694232852,-0.011662345123051048,-0.008788573138116715,*
41,2020Q1,13,2013Q1,14,2013Q2,-0.00179711993494438,0.0010819588270985566,-0.00391772026881275,0.0003234803989239903,
41,2020Q1,14,2013Q2,15,2013Q3,0.0016458323048698987,0.0009135081248854732,-0.00014461071949034674,0.003436275329230144,
41,2020Q1,15,2013Q3,16,2013Q4,-0.00021949082143661884,0.0009689530280627301,-0.002118603859150598,0.0016796222162773606,
41,2020Q1,16,2013Q4,17,2014Q1,0.0011591695366446775,0.0011623396914687634,-0.001118974396435497,0.003437313469724852,
41,2020Q1,17,2014Q1,18,2014Q2,0.00038114401146638354,0.0009583067483821337,-0.0014971027015042862,0.0022593907244370533,
41,2020Q1,18,2014Q2,19,2014Q3,0.0024540620237361696,0.0008649312086111463,0.0007588280057536226,0.004149296041718716,*
41,2020Q1,19,2014Q3,20,2014Q4,-0.00266447860059349,0.0006271167012706455,-0.0038936047491875195,-0.0014353524519994606,*
41,2020Q1,20,2014Q4,21,2015Q1,-0.002898164986584928,0.0010573331757979805,-0.004970499930808328,-0.0008258300423615284,*
41,2020Q1,21,2015Q1,22,2015Q2,-0.0005900418601359591,0.001064627957827895,-0.002676674314413061,0.0014965905941411427,
41,2020Q1,22,2015Q2,23,2015Q3,-0.0050097518488348754,0.0012969631920294092,-0.007551752994486623,-0.002467750703183127,*
41,2020Q1,23,2015Q3,24,2015Q4,0.0018661339293970292,0.0012527622847327876,-0.000589235029869347,0.0043215028886634055,
41,2020Q1,24,2015Q4,25,2016Q1,0.005247036987301512,0.001507902120981386,0.0022916031379664366,0.008202470836636588,*
41,2020Q1,25,2016Q1,26,2016Q2,-0.0029432251851846834,0.0011182655437430066,-0.005134985376073077,-0.0007514649942962901,*
41,2020Q1,26,2016Q2,27,2016Q3,0.0022021842137914804,0.0012207025205825525,-0.00019034876238758656,0.004594717189970548,
41,2020Q1,27,2016Q3,28,2016Q4,-0.006510169681458344,0.0009114793025536998,-0.008296636287117283,-0.004723703075799405,*
41,2020Q1,28,2016Q4,29,2017Q1,-0.0014847984243498982,0.0010155292907802348,-0.003475199259524662,0.0005056024108248661,
41,2020Q1,29,2017Q1,30,2017Q2,-0.004090241044466092,0.0013361572995353476,-0.006709061229235671,-0.0014714208596965134,*
41,2020Q1,30,2017Q2,31,2017Q3,-0.0005184576883486834,0.0009556110517255851,-0.0023914209329592728,0.001354505556261906,
41,2020Q1,31,2017Q3,32,2017Q4,-0.0030212759512697313,0.0011339285669914796,-0.005243735103614145,-0.0007988167989253173,*
41,2020Q1,32,2017Q4,33,2018Q1,-0.001350039985607987,0.0013814381424414367,-0.004057608991663116,0.001357529020447142,
41,2020Q1,33,2018Q1,34,2018Q2,0.0036966534872377335,0.001321020238771327,0.00110750139639743,0.006285805578078037,*
41,2020Q1,34,2018Q2,35,2018Q3,0.0009541909629591672,0.0012240960724711647,-0.0014449932527012476,0.0033533751786195823,
41,2020Q1,35,2018Q3,36,2018Q4,-0.000497080954853324,0.0009198038219742225,-0.0022998633187650917,0.0013057014090584436,
41,2020Q1,36,2018Q4,37,2019Q1,-0.0017932869942140605,0.0011976587002282353,-0.004140654912432455,0.0005540809240043335,
41,2020Q1,37,2019Q1,38,2019Q2,0.0016642809247128243,0.001101589121595164,-0.0004947940793748116,0.0038233559288004602,
41,2020Q1,38,2019Q2,39,2019Q3,0.0002449896529010069,0.0011423191137421226,-0.001993914668885267,0.0024838939746872806,
41,2020Q1,39,2019Q3,40,2019Q4,0.0042670245771823994,0.0008889240069766289,0.002524765538515175,0.006009283615849624,*
41,2020Q1,40,2019Q4,41,2020Q1,-0.000662018373978457,0.0006628682449435357,-0.0019612162605630616,0.0006371795126061477,
41,2020Q1,40,2019Q4,42,2020Q2,-0.04044238821536372,0.02328862237393073,-0.08608724931782165,0.005202472887094203,
41,2020Q1,40,2019Q4,43,2020Q3,-0.09141289963389974,0.013356640047525722,-0.11759143308151551,-0.06523436618628398,*
41,2020Q1,40,2019Q4,44,2020Q4,-0.12373809344712926,0.01116748764470177,-0.14562596702854075,-0.10185021986571775,*
41,2020Q1,40,2019Q4,45,2021Q1,-0.15738442061221278,0.01102395628884736,-0.17899097790549745,-0.1357778633189281,*
41,2020Q1,40,2019Q4,46,2021Q2,-0.06453661519622911,0.010161906049466556,-0.08445358506746325,-0.04461964532499496,*
41,2020Q1,40,2019Q4,47,2021Q3,-0.009092544118741675,0.009082987831696065,-0.02689487314088152,0.008709784903398169,
41,2020Q1,40,2019Q4,48,2021Q4,-0.014142860610789976,0.008362577574183095,-0.03053321147411117,0.002247490252531221,
41,2020Q1,40,2019Q4,49,2022Q1,-0.03593132401694873,0.008211099052930798,-0.05202478243418404,-0.019837865599713417,*
41,2020Q1,40,2019Q4,50,2022Q2,-0.027393183845411607,0.00793413631892092,-0.04294380527892781,-0.011842562411895402,*
41,2020Q1,40,2019Q4,51,2022Q3,-0.017311173242243207,0.007714748891700242,-0.03243180321974598,-0.002190543264740436,*
41,2020Q1,40,2019Q4,52,2022Q4,-0.019891874584631174,0.008362806054104471,-0.036282673260369463,-0.0035010759088928874,*
41,2020Q1,40,2019Q4,53,2023Q1,-0.019588883056860486,0.008401576536598145,-0.03605567048194962,-0.0031220956317713593,*
41,2020Q1,40,2019Q4,54,2023Q2,-0.014019249769404406,0.008951128699897906,-0.03156313964218714,0.0035246401033783292,
41,2020Q1,40,2019Q4,55,2023Q3,-0.024122318510044358,0.009090654075274483,-0.04193967309349461,-0.0063049639265941,*
41,2020Q1,40,2019Q4,56,2023Q4,-0.02001183465834866,0.0092612377164135,-0.038163527034783096,-0.0018601422819142233,*
41,2020Q1,40,2019Q4,57,2024Q1,-0.02382197271403799,0.009093800591599907,-0.04164549435616284,-0.0059984510719131336,*
41,2020Q1,40,2019Q4,58,2024Q2,-0.025880505263959484,0.00874135012521098,-0.0430132366856277,-0.008747773842291272,*
41,2020Q1,40,2019Q4,59,2024Q3,-0.028702611178371123,0.009197821501468834,-0.046730010057478163,-0.010675212299264086,*
41,2020Q1,40,2019Q4,60,2024Q4,-0.03632314541138578,0.009111232091746744,-0.05418083216599494,-0.01846545865677662,*
41,2020Q1,40,2019Q4,61,2025Q1,-0.040381798968147774,0.00932049959179932,-0.05864964248599472,-0.02211395545030083,*
41,2020Q1,40,2019Q4,62,2025Q2,-0.048881309468270163,0.0092325666120816,-0.06697680751281708,-0.030785811423723244,*
41,2020Q1,40,2019Q4,63,2025Q3,-0.04361019042026999,0.00949781203285601,-0.06222555993659892,-0.02499482090394106,*
41,2020Q1,40,2019Q4,64,2025Q4,-0.029637952603585375,0.009538324559398455,-0.04833272521286022,-0.010943179994310524,*
45,2021Q1,1,2010Q1,2,2010Q2,0.010036562853411545,0.001021570161658032,0.008034322128881041,0.012038803577942049,*
45,2021Q1,2,2010Q2,3,2010Q3,0.0010549362519433503,0.0009407980336688207,-0.0007889940107736395,0.0028988665146603403,
45,2021Q1,3,2010Q3,4,2010Q4,-0.0009813154493593323,0.0009621140137414958,-0.0028670242653139385,0.0009043933665952742,
45,2021Q1,4,2010Q4,5,2011Q1,0.0005789641272000211,0.0009404558078780193,-0.0012642953852924172,0.0024222236396924594,
45,2021Q1,5,2011Q1,6,2011Q2,0.0012726790907804822,0.0009247074505041385,-0.000539714208443484,0.0030850723900044483,
45,2021Q1,6,2011Q2,7,2011Q3,-0.0010416507400044183,0.0009593622771394641,-0.002921966251324102,0.0008386647713152654,
45,2021Q1,7,2011Q3,8,2011Q4,0.0009071734360471594,0.0010638293992182941,-0.0011778938721155802,0.0029922407442098987,
45,2021Q1,8,2011Q4,9,2012Q1,-0.0012055777826109227,0.0014420839000236767,-0.004032010289342389,0.0016208547241205438,
45,2021Q1,9,2012Q1,10,2012Q2,-0.006548102868421601,0.0010209483033755782,-0.008549124773115008,-0.004547080963728195,*
45,2021Q1,10,2012Q2,11,2012Q3,0.0022316693172869774,0.0009474465648915346,0.0003747081728233783,0.004088630461750576,*
45,2021Q1,11,2012Q3,12,2012Q4,0.0020113780773940437,0.0011637652843968526,-0.0002695599664818008,0.004292316121269888,
45,2021Q1,12,2012Q4,13,2013Q1,-0.0019310412412702595,0.0007331185694232854,-0.003367927233737426,-0.000494155248803093,*
45,2021Q1,13,2013Q1,14,2013Q2,-0.007336313896229375,0.0010819588270985568,-0.009456914230097747,-0.005215713562361004,*
45,2021Q1,14,2013Q2,15,2013Q3,-0.001986652286962176,0.0009135081248854733,-0.0037770953113224217,-0.00019620926260193036,*
45,2021Q1,15,2013Q3,16,2013Q4,-0.0009721617661518246,0.0009689530280627306,-0.0028712748038658047,0.0009269512715621555,
45,2021Q1,16,2013Q4,17,2014Q1,-0.005206609898018534,0.0011623396914687636,-0.007484753831098709,-0.0029284659649383587,*
45,2021Q1,17,2014Q1,18,2014Q2,0.0012652649161154497,0.0009583067483821341,-0.0006129817968552208,0.00314351162908612,
45,2021Q1,18,2014Q2,19,2014Q3,-0.0050394440667624225,0.0008649312086111464,-0.00673467808474497,-0.0033442100487798753,*
45,2021Q1,19,2014Q3,20,2014Q4,-0.00223763056232984,0.0006271167012706457,-0.0034667567109238693,-0.0010085044137358103,*
45,2021Q1,20,2014Q4,21,2015Q1,0.002358297927774511,0.001057333175797981,0.00028596298355111063,0.004430632871997912,*
45,2021Q1,21,2015Q1,22,2015Q2,0.005654833600741749,0.0010646279578278956,0.0035682011464646455,0.007741466055018851,*
45,2021Q1,22,2015Q2,23,2015Q3,0.011779304310742722,0.0012969631920294095,0.009237303165090974,0.01432130545639447,*
45,2021Q1,23,2015Q3,24,2015Q4,0.0018743264621079226,0.001252762284732788,-0.0005810424971584545,0.0043296954213743,
45,2021Q1,24,2015Q4,25,2016Q1,-0.000877375980609707,0.0015079021209813866,-0.0038328098299447843,0.0020780578687253698,
45,2021Q1,25,2016Q1,26,2016Q2,0.001618249672345318,0.0011182655437430072,-0.0005735105185430765,0.0038100098632337124,
45,2021Q1,26,2016Q2,27,2016Q3,0.00032713272059592424,0.0012207025205825527,-0.0020654002555831434,0.0027196656967749915,
45,2021Q1,27,2016Q3,28,2016Q4,-0.0007218016120337233,0.0009114793025537,-0.0025082682176926626,0.0010646649936252158,
45,2021Q1,28,2016Q4,29,2017Q1,-0.0019309927874303636,0.001015529290780235,-0.0039213936226051285,5.940804774440104e-05,
45,2021Q1,29,2017Q1,30,2017Q2,-0.002156247316679627,0.0013361572995353476,-0.004775067501449206,0.00046257286808995155,
45,2021Q1,30,2017Q2,31,2017Q3,-0.003269919109679109,0.0009556110517255852,-0.005142882354289699,-0.0013969558650685195,*
45,2021Q1,31,2017Q3,32,2017Q4,-0.0016545720714726377,0.0011339285669914798,-0.003877031223817052,0.0005678870808717767,
45,2021Q1,32,2017Q4,33,2018Q1,0.0010173430439649686,0.001381438142441437,-0.0016902259620901609,0.003724912050020098,
45,2021Q1,33,2018Q1,34,2018Q2,-0.001950070912055302,0.0013210202387713272,-0.004539223002895606,0.0006390811787850019,
45,2021Q1,34,2018Q2,35,2018Q3,-0.006105176780011057,0.001224096072471165,-0.008504360995671471,-0.0037059925643506417,*
45,2021Q1,35,2018Q3,36,2018Q4,0.0013691032593085239,0.0009198038219742226,-0.000433679104603244,0.0031718856232202915,
45,2021Q1,36,2018Q4,37,2019Q1,-0.0071423903495719376,0.0011976587002282355,-0.009489758267790332,-0.004795022431353543,*
45,2021Q1,37,2019Q1,38,2019Q2,0.0014259929205630022,0.001101589121595164,-0.0007330820835246337,0.003585067924650638,
45,2021Q1,38,2019Q2,39,2019Q3,0.001024005413564533,0.0011423191137421229,-0.0012148989082217411,0.003262909735350807,
45,2021Q1,39,2019Q3,40,2019Q4,0.0004720394320124389,0.0008889240069766293,-0.0012702196066547863,0.002214298470679664,
45,2021Q1,40,2019Q4,41,2020Q1,0.001854191550774642,0.0006628682449435358,0.0005549936641900371,0.0031533894373592473,*
45,2021Q1,41,2020Q1,42,2020Q2,-0.15471930709634113,0.02308839916324227,-0.1999717379169807,-0.10946687627570156,*
45,2021Q1,42,2020Q2,43,2020Q3,0.07057567117534483,0.013024836562546275,0.045047460608233655,0.096103881742456,*
45,2021Q1,43,2020Q3,44,2020Q4,0.020671779571972526,0.005725714565587803,0.00944958523766403,0.03189397390628102,*
45,2021Q1,44,2020Q4,45,2021Q1,-0.006591652585982822,0.0020773922602161754,-0.010663266597768787,-0.002520038574196858,*
45,2021Q1,44,2020Q4,46,2021Q2,-0.019668332287050474,0.0035321504782237063,-0.026591220012344867,-0.01274544456175608,*
45,2021Q1,44,2020Q4,47,2021Q3,0.020205977964267617,0.004759908321030477,0.010876729085335365,0.02953522684319987,*
45,2021Q1,44,2020Q4,48,2021Q4,0.018289308752054433,0.00603746508917856,0.0064560946193465505,0.030122522884762318,*
45,2021Q1,44,2020Q4,49,2022Q1,0.015307758068651391,0.006445965569184494,0.002673897707464552,0.02794161842983823,*
45,2021Q1,44,2020Q4,50,2022Q2,0.020170896504723076,0.007130226099009248,0.006195910149037425,0.034145882860408726,*
45,2021Q1,44,2020Q4,51,2022Q3,0.03087461677240151,0.007843594437046294,0.015501454166452055,0.046247779378350964,*
45,2021Q1,44,2020Q4,52,2022Q4,0.029405132326735316,0.008240568582930697,0.013253914692058881,0.04555634996141175,*
45,2021Q1,44,2020Q4,53,2023Q1,0.03164578271952174,0.008546020180043768,0.014895890955483444,0.04839567448356003,*
45,2021Q1,44,2020Q4,54,2023Q2,0.03389478177214384,0.008931465333601257,0.016389431389117356,0.05140013215517032,*
45,2021Q1,44,2020Q4,55,2023Q3,0.0391334618926648,0.009093935920408067,0.02130967501094988,0.056957248774379715,*
45,2021Q1,44,2020Q4,56,2023Q4,0.0364944946298049,0.00932997619326026,0.018208077314398673,0.05478091194521112,*
45,2021Q1,44,2020Q4,57,2024Q1,0.03593492776469527,0.00978779560484752,0.0167512008911547,0.05511865463823584,*
45,2021Q1,44,2020Q4,58,2024Q2,0.03321505909614127,0.009601949703943518,0.014395583495046937,0.052034534697235596,*
45,2021Q1,44,2020Q4,59,2024Q3,0.030985536473685852,0.009437604889892256,0.012488170789177928,0.04948290215819377,*
45,2021Q1,44,2020Q4,60,2024Q4,0.033094290261395896,0.009616297719437646,0.014246693066683452,0.05194188745610834,*
45,2021Q1,44,2020Q4,61,2025Q1,0.0357997999435163,0.009851247222976109,0.016491710183682905,0.05510788970334969,*
45,2021Q1,44,2020Q4,62,2025Q2,0.03823980303592734,0.009825495289616064,0.01898218613801191,0.057497419933842775,*
45,2021Q1,44,2020Q4,63,2025Q3,0.04057968458699581,0.010167263762701703,0.02065221379078128,0.060507155383210345,*
45,2021Q1,44,2020Q4,64,2025Q4,0.04080492160703462,0.010759233542744516,0.019717211362000074,0.06189263185206916,*
